Workbook

Sheet Commercial
A1: Rep # | B1: Rep Name | C1: Monday | J1: Tuesday | P1: Wednesday | V1: Thursday | AB1: Friday | AG1: Total COMP | AH1: BAD TPV | AI1: TOTAL RESI | AJ1: TOTAL WK | AK1: Last Week | AL1: Difference | AM1: Total Hrs | AN1: SPH | AO1: MWH Total | AP1: Program | AQ1: Manager
B2: Commercial Agents | C2: Hrs | D2: Front | E2: Sales | F2: Resi | G2: SPH | H2: MGW | I2: Hrs | J2: Front | K2: Sales | L2: Resi | M2: SPH | N2: MGW | O2: Hrs | P2: Front | Q2: Sales | R2: Resi | S2: SPH | T2: MGW | U2: Hrs | V2: Front | W2: Sales | X2: Resi | Y2: SPH | Z2: MGW | AA2: Hrs | AB2: Front | AC2: Sales | AD2: Resi | AE2: SPH | AF2: MGW
A3: 1291 | B3: Raven Mitchell (Commercial) | C3: {=_xlfn.XLOOKUP(A3,'Agents Hrs'!A:A,'Agents Hrs'!D:D,0,0)} -> 8 | D3: 0 | E3: 1 | F3: 0 | G3: =IFERROR(E3/C3, 0) -> 0.125 | I3: {=_xlfn.XLOOKUP(A3,'Agents Hrs'!A:A,'Agents Hrs'!F:F,0,0)} -> 6 | J3: 0 | K3: 0 | L3: 0 | M3: =IFERROR(K3/I3, 0) -> 0 | O3: {=_xlfn.XLOOKUP(A3,'Agents Hrs'!A:A,'Agents Hrs'!H:H,0,0)} -> 7.25 | P3: 0 | Q3: 0 | R3: 0 | S3: =IFERROR(Q3/O3, 0) -> 0 | U3: {=_xlfn.XLOOKUP(A3,'Agents Hrs'!A:A,'Agents Hrs'!J:J,0,0)} -> 0 | Y3: =IFERROR(W3/U3, 0) -> 0 | AA3: {=_xlfn.XLOOKUP(A3,'Agents Hrs'!A:A,'Agents Hrs'!L:L,0,0)} -> 0 | AE3: =IFERROR(AC3/AA3, 0) -> 0 | AG3: =SUM(E3,K3,Q3,W3,AC3) -> 1 | AI3: =SUM(F3,L3,R3,X3,AD3) -> 0 | AJ3: =AG3-AH3 -> 1 | AK3: 11 | AL3: =AG3-AK3 -> -10 | AM3: =SUM(C3,I3,O3,U3,AA3) -> 21.25 | AN3: =IFERROR(AG3/AM3, 0) -> 0.047058824 | AO3: =SUM(H3,N3,T3,Z3,AF3) -> 0 | AP3: ELIGO | AQ3: CJ
A4: 1175 | B4: Kenticka Tate (Commercial) | C4: {=_xlfn.XLOOKUP(A4,'Agents Hrs'!A:A,'Agents Hrs'!D:D,0,0)} -> 8 | D4: 0 | E4: 0 | F4: 0 | G4: =IFERROR(E4/C4, 0) -> 0 | I4: {=_xlfn.XLOOKUP(A4,'Agents Hrs'!A:A,'Agents Hrs'!F:F,0,0)} -> 7.75 | J4: 0 | K4: 1 | L4: 0 | M4: =IFERROR(K4/I4, 0) -> 0.12903226 | O4: {=_xlfn.XLOOKUP(A4,'Agents Hrs'!A:A,'Agents Hrs'!H:H,0,0)} -> 7.5 | P4: 0 | Q4: 0 | R4: 0 | S4: =IFERROR(Q4/O4, 0) -> 0 | U4: {=_xlfn.XLOOKUP(A4,'Agents Hrs'!A:A,'Agents Hrs'!J:J,0,0)} -> 0 | Y4: =IFERROR(W4/U4, 0) -> 0 | AA4: {=_xlfn.XLOOKUP(A4,'Agents Hrs'!A:A,'Agents Hrs'!L:L,0,0)} -> 0 | AE4: =IFERROR(AC4/AA4, 0) -> 0 | AG4: =SUM(E4,K4,Q4,W4,AC4) -> 1 | AI4: =SUM(F4,L4,R4,X4,AD4) -> 0 | AJ4: =AG4-AH4 -> 1 | AK4: 2 | AL4: =AG4-AK4 -> -1 | AM4: =SUM(C4,I4,O4,U4,AA4) -> 23.25 | AN4: =IFERROR(AG4/AM4, 0) -> 0.043010753 | AO4: =SUM(H4,N4,T4,Z4,AF4) -> 0 | AP4: ELIGO | AQ4: CJ
A5: 1294 | B5: Brandy Paton (Commercial) | C5: {=_xlfn.XLOOKUP(A5,'Agents Hrs'!A:A,'Agents Hrs'!D:D,0,0)} -> 3 | D5: 0 | E5: 0 | F5: 0 | G5: =IFERROR(E5/C5, 0) -> 0 | I5: {=_xlfn.XLOOKUP(A5,'Agents Hrs'!A:A,'Agents Hrs'!F:F,0,0)} -> 0 | J5: 0 | K5: 0 | L5: 0 | M5: =IFERROR(K5/I5, 0) -> 0 | O5: {=_xlfn.XLOOKUP(A5,'Agents Hrs'!A:A,'Agents Hrs'!H:H,0,0)} -> 8 | P5: 0 | Q5: 2 | R5: 0 | S5: =IFERROR(Q5/O5, 0) -> 0.25 | U5: {=_xlfn.XLOOKUP(A5,'Agents Hrs'!A:A,'Agents Hrs'!J:J,0,0)} -> 0 | Y5: =IFERROR(W5/U5, 0) -> 0 | AA5: {=_xlfn.XLOOKUP(A5,'Agents Hrs'!A:A,'Agents Hrs'!L:L,0,0)} -> 0 | AE5: =IFERROR(AC5/AA5, 0) -> 0 | AG5: =SUM(E5,K5,Q5,W5,AC5) -> 2 | AI5: =SUM(F5,L5,R5,X5,AD5) -> 0 | AJ5: =AG5-AH5 -> 2 | AK5: 1 | AL5: =AG5-AK5 -> 1 | AM5: =SUM(C5,I5,O5,U5,AA5) -> 11 | AN5: =IFERROR(AG5/AM5, 0) -> 0.18181818 | AO5: =SUM(H5,N5,T5,Z5,AF5) -> 0 | AP5: ELIGO | AQ5: CJ
A6: 1280 | B6: Ashlee Franks (Commercial) | C6: {=_xlfn.XLOOKUP(A6,'Agents Hrs'!A:A,'Agents Hrs'!D:D,0,0)} -> 8 | D6: 1 | E6: 1 | F6: 0 | G6: =IFERROR(E6/C6, 0) -> 0.125 | I6: {=_xlfn.XLOOKUP(A6,'Agents Hrs'!A:A,'Agents Hrs'!F:F,0,0)} -> 4.75 | J6: 1 | K6: 0 | L6: 0 | M6: =IFERROR(K6/I6, 0) -> 0 | O6: {=_xlfn.XLOOKUP(A6,'Agents Hrs'!A:A,'Agents Hrs'!H:H,0,0)} -> 7.5 | P6: 1 | Q6: 3 | R6: 0 | S6: =IFERROR(Q6/O6, 0) -> 0.4 | U6: {=_xlfn.XLOOKUP(A6,'Agents Hrs'!A:A,'Agents Hrs'!J:J,0,0)} -> 0 | Y6: =IFERROR(W6/U6, 0) -> 0 | AA6: {=_xlfn.XLOOKUP(A6,'Agents Hrs'!A:A,'Agents Hrs'!L:L,0,0)} -> 0 | AE6: =IFERROR(AC6/AA6, 0) -> 0 | AG6: =SUM(E6,K6,Q6,W6,AC6) -> 4 | AI6: =SUM(F6,L6,R6,X6,AD6) -> 0 | AJ6: =AG6-AH6 -> 4 | AK6: 2 | AL6: =AG6-AK6 -> 2 | AM6: =SUM(C6,I6,O6,U6,AA6) -> 20.25 | AN6: =IFERROR(AG6/AM6, 0) -> 0.19753086 | AO6: =SUM(H6,N6,T6,Z6,AF6) -> 0 | AP6: ELIGO | AQ6: CJ
A7: 1301 | B7: Albert Williams (Commercial) | C7: {=_xlfn.XLOOKUP(A7,'Agents Hrs'!A:A,'Agents Hrs'!D:D,0,0)} -> 0 | D7: 0 | E7: 0 | F7: 0 | G7: =IFERROR(E7/C7, 0) -> 0 | I7: {=_xlfn.XLOOKUP(A7,'Agents Hrs'!A:A,'Agents Hrs'!F:F,0,0)} -> 7.75 | J7: 0 | K7: 0 | L7: 0 | M7: =IFERROR(K7/I7, 0) -> 0 | O7: {=_xlfn.XLOOKUP(A7,'Agents Hrs'!A:A,'Agents Hrs'!H:H,0,0)} -> 0 | P7: 0 | Q7: 0 | R7: 0 | S7: =IFERROR(Q7/O7, 0) -> 0 | U7: {=_xlfn.XLOOKUP(A7,'Agents Hrs'!A:A,'Agents Hrs'!J:J,0,0)} -> 0 | Y7: =IFERROR(W7/U7, 0) -> 0 | AA7: {=_xlfn.XLOOKUP(A7,'Agents Hrs'!A:A,'Agents Hrs'!L:L,0,0)} -> 0 | AE7: =IFERROR(AC7/AA7, 0) -> 0 | AG7: =SUM(E7,K7,Q7,W7,AC7) -> 0 | AI7: =SUM(F7,L7,R7,X7,AD7) -> 0 | AJ7: =AG7-AH7 -> 0 | AK7: 2 | AL7: =AG7-AK7 -> -2 | AM7: =SUM(C7,I7,O7,U7,AA7) -> 7.75 | AN7: =IFERROR(AG7/AM7, 0) -> 0 | AO7: =SUM(H7,N7,T7,Z7,AF7) -> 0 | AP7: ELIGO | AQ7: CJ
A8: 1151 | B8: CJ Jackson (Manager/Closer) | C8: {=_xlfn.XLOOKUP(A8,'Agents Hrs'!A:A,'Agents Hrs'!D:D,0,0)} -> 0 | D8: 0 | E8: 0 | F8: 0 | G8: =IFERROR(E8/C8, 0) -> 0 | I8: {=_xlfn.XLOOKUP(A8,'Agents Hrs'!A:A,'Agents Hrs'!F:F,0,0)} -> 0 | J8: 0 | K8: 0 | L8: 0 | M8: =IFERROR(K8/I8, 0) -> 0 | O8: {=_xlfn.XLOOKUP(A8,'Agents Hrs'!A:A,'Agents Hrs'!H:H,0,0)} -> 0 | P8: 0 | Q8: 0 | R8: 0 | S8: =IFERROR(Q8/O8, 0) -> 0 | U8: {=_xlfn.XLOOKUP(A8,'Agents Hrs'!A:A,'Agents Hrs'!J:J,0,0)} -> 0 | Y8: =IFERROR(W8/U8, 0) -> 0 | AA8: {=_xlfn.XLOOKUP(A8,'Agents Hrs'!A:A,'Agents Hrs'!L:L,0,0)} -> 0 | AE8: =IFERROR(AC8/AA8, 0) -> 0 | AG8: =SUM(E8,K8,Q8,W8,AC8) -> 0 | AI8: =SUM(F8,L8,R8,X8,AD8) -> 0 | AJ8: =AG8-AH8 -> 0 | AK8: 0 | AL8: =AG8-AK8 -> 0 | AM8: =SUM(C8,I8,O8,U8,AA8) -> 0 | AN8: =IFERROR(AG8/AM8, 0) -> 0 | AO8: =SUM(H8,N8,T8,Z8,AF8) -> 0 | AP8: ELIGO | AQ8: CJ
A9: 1300 | B9: Neil Singhal (Commercial) | C9: {=_xlfn.XLOOKUP(A9,'Agents Hrs'!A:A,'Agents Hrs'!D:D,0,0)} -> 7.75 | D9: 0 | E9: 0 | F9: 0 | G9: =IFERROR(E9/C9, 0) -> 0 | I9: {=_xlfn.XLOOKUP(A9,'Agents Hrs'!A:A,'Agents Hrs'!F:F,0,0)} -> 2.75 | J9: 0 | K9: 1 | L9: 0 | M9: =IFERROR(K9/I9, 0) -> 0.36363636 | O9: {=_xlfn.XLOOKUP(A9,'Agents Hrs'!A:A,'Agents Hrs'!H:H,0,0)} -> 8 | P9: 0 | Q9: 0 | R9: 0 | S9: =IFERROR(Q9/O9, 0) -> 0 | U9: {=_xlfn.XLOOKUP(A9,'Agents Hrs'!A:A,'Agents Hrs'!J:J,0,0)} -> 0 | Y9: =IFERROR(W9/U9, 0) -> 0 | AA9: {=_xlfn.XLOOKUP(A9,'Agents Hrs'!A:A,'Agents Hrs'!L:L,0,0)} -> 0 | AE9: =IFERROR(AC9/AA9, 0) -> 0 | AG9: =SUM(E9,K9,Q9,W9,AC9) -> 1 | AI9: =SUM(F9,L9,R9,X9,AD9) -> 0 | AJ9: =AG9-AH9 -> 1 | AK9: 8 | AL9: =AG9-AK9 -> -7 | AM9: =SUM(C9,I9,O9,U9,AA9) -> 18.5 | AN9: =IFERROR(AG9/AM9, 0) -> 0.054054054 | AO9: =SUM(H9,N9,T9,Z9,AF9) -> 0 | AP9: ELIGO | AQ9: CJ
A10: 1311 | B10: Ian Mills | C10: {=_xlfn.XLOOKUP(A10,'Agents Hrs'!A:A,'Agents Hrs'!D:D,0,0)} -> 5.5 | D10: 1 | E10: 0 | F10: 0 | G10: =IFERROR(E10/C10, 0) -> 0 | I10: {=_xlfn.XLOOKUP(A10,'Agents Hrs'!A:A,'Agents Hrs'!F:F,0,0)} -> 3.5 | J10: 0 | K10: 0 | L10: 0 | M10: =IFERROR(K10/I10, 0) -> 0 | O10: {=_xlfn.XLOOKUP(A10,'Agents Hrs'!A:A,'Agents Hrs'!H:H,0,0)} -> 7.5 | P10: 1 | Q10: 0 | R10: 1 | S10: =IFERROR(Q10/O10, 0) -> 0 | U10: {=_xlfn.XLOOKUP(A10,'Agents Hrs'!A:A,'Agents Hrs'!J:J,0,0)} -> 0 | V10: 0 | W10: 0 | X10: 0 | Y10: =IFERROR(W10/U10, 0) -> 0 | AA10: {=_xlfn.XLOOKUP(A10,'Agents Hrs'!A:A,'Agents Hrs'!L:L,0,0)} -> 0 | AB10: 0 | AC10: 0 | AD10: 0 | AE10: =IFERROR(AC10/AA10, 0) -> 0 | AG10: =SUM(E10,K10,Q10,W10,AC10) -> 0 | AI10: =SUM(F10,L10,R10,X10,AD10) -> 1 | AJ10: =AG10-AH10 -> 0 | AL10: =AG10-AK10 -> 0 | AM10: =SUM(C10,I10,O10,U10,AA10) -> 16.5 | AN10: =IFERROR(AG10/AM10, 0) -> 0 | AO10: =SUM(H10,N10,T10,Z10,AF10) -> 0 | AP10: ELIGO | AQ10: CJ
A11: 1312 | B11: Angie Castro | C11: {=_xlfn.XLOOKUP(A11,'Agents Hrs'!A:A,'Agents Hrs'!D:D,0,0)} -> 7.15 | D11: 1 | E11: 0 | F11: 0 | G11: =IFERROR(E11/C11, 0) -> 0 | I11: {=_xlfn.XLOOKUP(A11,'Agents Hrs'!A:A,'Agents Hrs'!F:F,0,0)} -> 7.75 | J11: 0 | K11: 0 | L11: 0 | M11: =IFERROR(K11/I11, 0) -> 0 | O11: {=_xlfn.XLOOKUP(A11,'Agents Hrs'!A:A,'Agents Hrs'!H:H,0,0)} -> 7.5 | P11: 1 | Q11: 0 | R11: 0 | S11: =IFERROR(Q11/O11, 0) -> 0 | U11: {=_xlfn.XLOOKUP(A11,'Agents Hrs'!A:A,'Agents Hrs'!J:J,0,0)} -> 0 | V11: 0 | W11: 0 | X11: 0 | Y11: =IFERROR(W11/U11, 0) -> 0 | AA11: {=_xlfn.XLOOKUP(A11,'Agents Hrs'!A:A,'Agents Hrs'!L:L,0,0)} -> 0 | AC11: 0 | AD11: 0 | AE11: =IFERROR(AC11/AA11, 0) -> 0 | AG11: =SUM(E11,K11,Q11,W11,AC11) -> 0 | AI11: =SUM(F11,L11,R11,X11,AD11) -> 0 | AJ11: =AG11-AH11 -> 0 | AL11: =AG11-AK11 -> 0 | AM11: =SUM(C11,I11,O11,U11,AA11) -> 22.4 | AN11: =IFERROR(AG11/AM11, 0) -> 0 | AO11: =SUM(H11,N11,T11,Z11,AF11) -> 0 | AP11: ELIGO | AQ11: CJ
AP12: ELIGO | AQ12: CJ
B13: Total | C13: =SUM(C3:C11) -> 47.4 | D13: =SUM(D3:D11) -> 3 | E13: =SUM(E3:E11) -> 2 | F13: =SUM(F3:F11) -> 0 | G13: =IFERROR(E13/C13, 0) -> 0.042194093 | H13: =SUM(H3:H11) -> 0 | I13: =SUM(I3:I11) -> 40.25 | J13: =SUM(J3:J11) -> 1 | K13: =SUM(K3:K11) -> 2 | L13: =SUM(L3:L11) -> 0 | M13: =IFERROR(K13/I13, 0) -> 0.049689441 | N13: =SUM(N3:N11) -> 0 | O13: =SUM(O3:O11) -> 53.25 | P13: =SUM(P3:P11) -> 3 | Q13: =SUM(Q3:Q11) -> 5 | R13: =SUM(R3:R11) -> 1 | S13: =IFERROR(Q13/O13, 0) -> 0.093896714 | T13: =SUM(T3:T11) -> 0 | U13: =SUM(U3:U11) -> 0 | V13: =SUM(V3:V11) -> 0 | W13: =SUM(W3:W11) -> 0 | X13: =SUM(X3:X11) -> 0 | Y13: =IFERROR(W13/U13, 0) -> 0 | Z13: =SUM(Z3:Z11) -> 0 | AA13: =SUM(AA3:AA11) -> 0 | AB13: =SUM(AB3:AB11) -> 0 | AC13: =SUM(AC3:AC11) -> 0 | AD13: =SUM(AD3:AD11) -> 0 | AE13: =IFERROR(AC13/AA13, 0) -> 0 | AF13: =SUM(AF3:AF11) -> 0 | AG13: =SUM(AG3:AG11) -> 9 | AH13: =SUM(AH3:AH11) -> 0 | AI13: =SUM(AI3:AI11) -> 1 | AJ13: =AG13-AH13 -> 9 | AK13: =SUM(AK3:AK11) -> 26 | AL13: =AG13-AK13 -> -17 | AM13: =SUM(AM3:AM11) -> 140.9 | AN13: =IFERROR(AG13/AM13, 0) -> 0.063875089 | AO13: =SUM(AO3:AO11) -> 0 | AP13: ELIGO | AQ13: CJ
B14: TRAINING (in house)
A15: Rep # | B15: Rep Name
AG16: =SUM(E16,K16,Q16,W16,AC16) -> 0 | AJ16: =AG16-AH16 -> 0 | AK16: 0 | AL16: =AG16-AK16 -> 0 | AP16: ELIGO | AQ16: CJ
B17: Total | C17: =SUM(C16) -> 0 | D17: =SUM(D16) -> 0 | E17: =SUM(E16) -> 0 | F17: =SUM(F16) -> 0 | G17: =SUM(G16) -> 0 | H17: =SUM(H16) -> 0 | I17: =SUM(I16) -> 0 | J17: =SUM(J16) -> 0 | ... AL17: =SUM(AL16) -> 0 | AM17: =SUM(C17,I17,O17,U17,AA17) -> 0 | AN17: =IFERROR(AG17/AM17, 0) -> 0 | AO17: =SUM(H17,N17,T17,Z17,AF17) -> 0 | AP17: ELIGO | AQ17: CJ
B18: Admin Staff
AG19: =SUM(E19,K19,Q19,W19,AC19) -> 0 | AJ19: =AG19-AH19 -> 0 | AK19: 0 | AL19: =AG19-AK19 -> 0 | AP19: ELIGO | AQ19: CJ
AG20: =SUM(E20,K20,Q20,W20,AC20) -> 0 | AJ20: =AG20-AH20 -> 0 | AK20: 0 | AL20: =AG20-AK20 -> 0 | AP20: ELIGO | AQ20: CJ
AG21: =SUM(E21,K21,Q21,W21,AC21) -> 0 | AJ21: =AG21-AH21 -> 0 | AK21: 0 | AL21: =AG21-AK21 -> 0 | AP21: ELIGO | AQ21: CJ
AG22: =SUM(E22,K22,Q22,W22,AC22) -> 0 | AJ22: =AG22-AH22 -> 0 | AK22: 0 | AL22: =AG22-AK22 -> 0 | AP22: ELIGO | AQ22: CJ
B23: Total | D23: =D13 -> 3 | E23: =E13 -> 2 | J23: =J13 -> 1 | K23: =K13 -> 2 | P23: =P13 -> 3 | Q23: =Q13 -> 5 | V23: =V13 -> 0 | W23: =W13 -> 0 | AB23: =AB13 -> 0 | AC23: =AC13 -> 0 | AG23: =AG13 -> 9 | AH23: =AH13 -> 0 | AJ23: =AJ13 -> 9 | AK23: =AK13 -> 26 | AL23: =AG23-AK23 -> -17
B24: Last Week | E24: 1 | J24: 1 | K24: 2 | L24: 4 | P24: 1 | Q24: 2 | R24: 4 | V24: 1 | W24: 5 | X24: 4 | AB24: 2 | AC24: 2 | AD24: 0 | AG24: 34
B25: Difference | D25: =D23-D24 -> 3 | E25: =E23-E24 -> 1 | J25: =J23-J24 -> 0 | K25: =K23-K24 -> 0 | P25: =P23-P24 -> 2 | Q25: =Q23-Q24 -> 3 | V25: =V23-V24 -> -1 | W25: =W23-W24 -> -5 | AB25: =AB23-AB24 -> -2 | AC25: =AC23-AC24 -> -2 | AG25: =AG23-AG24 -> -25

Sheet Agents Hrs
B1: Eligo Energy Hours Commercial
A3: Rep # | B3: Name | C3: Monday | D3: Hrs | E3: Tuesday | F3: Hrs | G3: Wednesday | H3: Hrs | I3: Thursday | J3: Hrs | K3: Friday | L3: Hrs | M3: TOTAL
A5: 1294 | B5: Brandy Paton | C5: 830-1230 | D5: 3 | E5: OUT | F5: 0 | G5: 830-5 | H5: 8 | M5: =SUM(D5,F5,H5,J5,L5) -> 11
A6: 1175 | B6: Kenticka Tate (Remote)(Commercial) | C6: 830-5 | D6: 8 | E6: 830-130-145-5 | F6: 7.75 | G6: 830-430 | H6: 7.5 | M6: =SUM(D6,F6,H6,J6,L6) -> 23.25
A7: 1291 | B7: Raven Mitchell (Commercial) | C7: 830-5 | D7: 8 | E7: 830-3 | F7: 6 | G7: 830-415 | H7: 7.25 | M7: =SUM(D7,F7,H7,J7,L7) -> 21.25
A8: 1300 | B8: Neil Singhal | C8: 830-445 | D8: 7.75 | E8: 830-1115 | F8: 2.75 | G8: 830-5 | H8: 8 | M8: =SUM(D8,F8,H8,J8,L8) -> 18.5
A9: 1301 | B9: Albert Williams (Commercial) | C9: TOR | D9: 0 | E9: 830-130-145-5 | F9: 7.75 | G9: OUT | H9: 0 | M9: =SUM(D9,F9,H9,J9,L9) -> 7.75
A10: 1280 | B10: Ashlee Franks | C10: 830-5 | D10: 8 | E10: 1130-130-145-5 | F10: 4.75 | G10: 830-1130-1145-130-145-5 | H10: 7.5 | M10: =SUM(D10,F10,H10,J10,L10) -> 20.25
A11: 1311 | B11: Ian Mills | C11: 1000-1115-1130-1145-5 | D11: 5.5 | E11: 900-1230 | F11: 3.5 | G11: 830-1130-1145-130-145-5 | H11: 7.5 | M11: =SUM(D11,F11,H11,J11,L11) -> 16.5
A12: 1312 | B12: Angie Castro | C12: 900-1045-1100-5 | D12: 7.15 | E12: 830-1130-1145-5 | F12: 7.75 | G12: 830-1130-1145-130-145-5 | H12: 7.5 | M12: =SUM(D12,F12,H12,J12,L12) -> 22.4
A17: TOTAL | B17: HOURS | D17: =SUM(D5:D12) -> 47.4 | F17: =SUM(F5:F12) -> 40.25 | H17: =SUM(H5:H12) -> 53.25 | J17: =SUM(J5:J12) -> 0 | L17: =SUM(L5:L12) -> 0 | M17: =SUM(D17,F17,H17,J17,L17) -> 140.9
A18: Remote Agents
M19: =SUM(D19,F19,H19,J19,L19) -> 0
M20: =SUM(D20,F20,H20,J20,L20) -> 0
M21: =SUM(D21,F21,H21,J21,L21) -> 0
M22: =SUM(D22,F22,H22,J22,L22) -> 0
M23: =SUM(D23,F23,H23,J23,L23) -> 0
M24: =SUM(D24,F24,H24,J24,L24) -> 0
M25: =SUM(D25,F25,H25,J25,L25) -> 0
M26: =SUM(D26,F26,H26,J26,L26) -> 0
M27: =SUM(D27,F27,H27,J27,L27) -> 0
M28: =SUM(D28,F28,H28,J28,L28) -> 0
M29: =SUM(D29,F29,H29,J29,L29) -> 0
M30: =SUM(D30,F30,H30,J30,L30) -> 0
A31: Trainees
M32: =SUM(D32,F32,H32,J32,L32) -> 0
M33: =SUM(D33,F33,H33,J33,L33) -> 0
M34: =SUM(D34,F34,H34,J34,L34) -> 0
M35: =SUM(D35,F35,H35,J35,L35) -> 0
M36: =SUM(D36,F36,H36,J36,L36) -> 0
A37: Night Reps
M38: =SUM(D38,F38,H38,J38,L38) -> 0
M39: =SUM(D39,F39,H39,J39,L39) -> 0
M40: =SUM(D40,F40,H40,J40,L40) -> 0
A41: TOTAL | B41: HOURS | D41: =SUM(D19:D40,D5:D12) -> 47.4 | F41: =SUM(F19:F40,F5:F12) -> 40.25 | H41: =SUM(H19:H40,H5:H12) -> 53.25 | J41: =SUM(J19:J40,J5:J12) -> 0 | L41: =SUM(L19:L40,L5:L12) -> 0 | M41: =SUM(D41,F41,H41,J41,L41) -> 140.9
A42: TOTAL | B42: DEALS | M42: =SUM(D42,F42,H42,J42,L42) -> 0
A43: TOTAL | B43: TOTAL DEALS | M43: =SUM(D43,F43,H43,J43,L43) -> 0

Sheet Commercial Agent-Day
A1: Commercial — Sales & Fronts by Agent, by Day
C2: FRONTS | J2: SALES (CLOSES)
A3: Rep # | B3: Rep Name | C3: Mon | D3: Tue | E3: Wed | F3: Thu | G3: Fri | H3: Front Total | J3: Mon | K3: Tue | L3: Wed | M3: Thu | N3: Fri | O3: Sales Total | P3: Grand Total (Fronts + Sales)
A4: 1291 | B4: Raven Mitchell | C4: {=IFERROR(INDEX(Commercial!D$3:D$10,MATCH($A4,Commercial!$A$3:$A$10,0)),0)} -> 0 | D4: {=IFERROR(INDEX(Commercial!J$3:J$10,MATCH($A4,Commercial!$A$3:$A$10,0)),0)} -> 0 | E4: {=IFERROR(INDEX(Commercial!P$3:P$10,MATCH($A4,Commercial!$A$3:$A$10,0)),0)} -> 0 | F4: {=IFERROR(INDEX(Commercial!V$3:V$10,MATCH($A4,Commercial!$A$3:$A$10,0)),0)} -> 0 | G4: {=IFERROR(INDEX(Commercial!AB$3:AB$10,MATCH($A4,Commercial!$A$3:$A$10,0)),0)} -> 0 | H4: =SUM(C4:G4) -> 0 | J4: {=IFERROR(INDEX(Commercial!E$3:E$10,MATCH($A4,Commercial!$A$3:$A$10,0)),0)} -> 1 | K4: {=IFERROR(INDEX(Commercial!K$3:K$10,MATCH($A4,Commercial!$A$3:$A$10,0)),0)} -> 0 | L4: {=IFERROR(INDEX(Commercial!Q$3:Q$10,MATCH($A4,Commercial!$A$3:$A$10,0)),0)} -> 0 | M4: {=IFERROR(INDEX(Commercial!W$3:W$10,MATCH($A4,Commercial!$A$3:$A$10,0)),0)} -> 0 | N4: {=IFERROR(INDEX(Commercial!AC$3:AC$10,MATCH($A4,Commercial!$A$3:$A$10,0)),0)} -> 0 | O4: =SUM(J4:N4) -> 1 | P4: =H4+O4 -> 1
A5: 1292 | B5: Jakarta Hunter | C5: {=IFERROR(INDEX(Commercial!D$3:D$10,MATCH($A5,Commercial!$A$3:$A$10,0)),0)} -> 0 | D5: {=IFERROR(INDEX(Commercial!J$3:J$10,MATCH($A5,Commercial!$A$3:$A$10,0)),0)} -> 0 | E5: {=IFERROR(INDEX(Commercial!P$3:P$10,MATCH($A5,Commercial!$A$3:$A$10,0)),0)} -> 0 | F5: {=IFERROR(INDEX(Commercial!V$3:V$10,MATCH($A5,Commercial!$A$3:$A$10,0)),0)} -> 0 | G5: {=IFERROR(INDEX(Commercial!AB$3:AB$10,MATCH($A5,Commercial!$A$3:$A$10,0)),0)} -> 0 | H5: =SUM(C5:G5) -> 0 | J5: {=IFERROR(INDEX(Commercial!E$3:E$10,MATCH($A5,Commercial!$A$3:$A$10,0)),0)} -> 0 | K5: {=IFERROR(INDEX(Commercial!K$3:K$10,MATCH($A5,Commercial!$A$3:$A$10,0)),0)} -> 0 | L5: {=IFERROR(INDEX(Commercial!Q$3:Q$10,MATCH($A5,Commercial!$A$3:$A$10,0)),0)} -> 0 | M5: {=IFERROR(INDEX(Commercial!W$3:W$10,MATCH($A5,Commercial!$A$3:$A$10,0)),0)} -> 0 | N5: {=IFERROR(INDEX(Commercial!AC$3:AC$10,MATCH($A5,Commercial!$A$3:$A$10,0)),0)} -> 0 | O5: =SUM(J5:N5) -> 0 | P5: =H5+O5 -> 0
A6: 1295 | B6: Luis Buitrago | C6: {=IFERROR(INDEX(Commercial!D$3:D$10,MATCH($A6,Commercial!$A$3:$A$10,0)),0)} -> 0 | D6: {=IFERROR(INDEX(Commercial!J$3:J$10,MATCH($A6,Commercial!$A$3:$A$10,0)),0)} -> 0 | E6: {=IFERROR(INDEX(Commercial!P$3:P$10,MATCH($A6,Commercial!$A$3:$A$10,0)),0)} -> 0 | F6: {=IFERROR(INDEX(Commercial!V$3:V$10,MATCH($A6,Commercial!$A$3:$A$10,0)),0)} -> 0 | G6: {=IFERROR(INDEX(Commercial!AB$3:AB$10,MATCH($A6,Commercial!$A$3:$A$10,0)),0)} -> 0 | H6: =SUM(C6:G6) -> 0 | J6: {=IFERROR(INDEX(Commercial!E$3:E$10,MATCH($A6,Commercial!$A$3:$A$10,0)),0)} -> 0 | K6: {=IFERROR(INDEX(Commercial!K$3:K$10,MATCH($A6,Commercial!$A$3:$A$10,0)),0)} -> 0 | L6: {=IFERROR(INDEX(Commercial!Q$3:Q$10,MATCH($A6,Commercial!$A$3:$A$10,0)),0)} -> 0 | M6: {=IFERROR(INDEX(Commercial!W$3:W$10,MATCH($A6,Commercial!$A$3:$A$10,0)),0)} -> 0 | N6: {=IFERROR(INDEX(Commercial!AC$3:AC$10,MATCH($A6,Commercial!$A$3:$A$10,0)),0)} -> 0 | O6: =SUM(J6:N6) -> 0 | P6: =H6+O6 -> 0
A7: 1290 | B7: Abigail Gambino | C7: {=IFERROR(INDEX(Commercial!D$3:D$10,MATCH($A7,Commercial!$A$3:$A$10,0)),0)} -> 0 | D7: {=IFERROR(INDEX(Commercial!J$3:J$10,MATCH($A7,Commercial!$A$3:$A$10,0)),0)} -> 0 | E7: {=IFERROR(INDEX(Commercial!P$3:P$10,MATCH($A7,Commercial!$A$3:$A$10,0)),0)} -> 0 | F7: {=IFERROR(INDEX(Commercial!V$3:V$10,MATCH($A7,Commercial!$A$3:$A$10,0)),0)} -> 0 | G7: {=IFERROR(INDEX(Commercial!AB$3:AB$10,MATCH($A7,Commercial!$A$3:$A$10,0)),0)} -> 0 | H7: =SUM(C7:G7) -> 0 | J7: {=IFERROR(INDEX(Commercial!E$3:E$10,MATCH($A7,Commercial!$A$3:$A$10,0)),0)} -> 0 | K7: {=IFERROR(INDEX(Commercial!K$3:K$10,MATCH($A7,Commercial!$A$3:$A$10,0)),0)} -> 0 | L7: {=IFERROR(INDEX(Commercial!Q$3:Q$10,MATCH($A7,Commercial!$A$3:$A$10,0)),0)} -> 0 | M7: {=IFERROR(INDEX(Commercial!W$3:W$10,MATCH($A7,Commercial!$A$3:$A$10,0)),0)} -> 0 | N7: {=IFERROR(INDEX(Commercial!AC$3:AC$10,MATCH($A7,Commercial!$A$3:$A$10,0)),0)} -> 0 | O7: =SUM(J7:N7) -> 0 | P7: =H7+O7 -> 0
A8: 1288 | B8: Allen Alberts | C8: {=IFERROR(INDEX(Commercial!D$3:D$10,MATCH($A8,Commercial!$A$3:$A$10,0)),0)} -> 0 | D8: {=IFERROR(INDEX(Commercial!J$3:J$10,MATCH($A8,Commercial!$A$3:$A$10,0)),0)} -> 0 | E8: {=IFERROR(INDEX(Commercial!P$3:P$10,MATCH($A8,Commercial!$A$3:$A$10,0)),0)} -> 0 | F8: {=IFERROR(INDEX(Commercial!V$3:V$10,MATCH($A8,Commercial!$A$3:$A$10,0)),0)} -> 0 | G8: {=IFERROR(INDEX(Commercial!AB$3:AB$10,MATCH($A8,Commercial!$A$3:$A$10,0)),0)} -> 0 | H8: =SUM(C8:G8) -> 0 | J8: {=IFERROR(INDEX(Commercial!E$3:E$10,MATCH($A8,Commercial!$A$3:$A$10,0)),0)} -> 0 | K8: {=IFERROR(INDEX(Commercial!K$3:K$10,MATCH($A8,Commercial!$A$3:$A$10,0)),0)} -> 0 | L8: {=IFERROR(INDEX(Commercial!Q$3:Q$10,MATCH($A8,Commercial!$A$3:$A$10,0)),0)} -> 0 | M8: {=IFERROR(INDEX(Commercial!W$3:W$10,MATCH($A8,Commercial!$A$3:$A$10,0)),0)} -> 0 | N8: {=IFERROR(INDEX(Commercial!AC$3:AC$10,MATCH($A8,Commercial!$A$3:$A$10,0)),0)} -> 0 | O8: =SUM(J8:N8) -> 0 | P8: =H8+O8 -> 0
A9: 1175 | B9: Kenticka Tate (Remote) | C9: {=IFERROR(INDEX(Commercial!D$3:D$10,MATCH($A9,Commercial!$A$3:$A$10,0)),0)} -> 0 | D9: {=IFERROR(INDEX(Commercial!J$3:J$10,MATCH($A9,Commercial!$A$3:$A$10,0)),0)} -> 0 | E9: {=IFERROR(INDEX(Commercial!P$3:P$10,MATCH($A9,Commercial!$A$3:$A$10,0)),0)} -> 0 | F9: {=IFERROR(INDEX(Commercial!V$3:V$10,MATCH($A9,Commercial!$A$3:$A$10,0)),0)} -> 0 | G9: {=IFERROR(INDEX(Commercial!AB$3:AB$10,MATCH($A9,Commercial!$A$3:$A$10,0)),0)} -> 0 | H9: =SUM(C9:G9) -> 0 | J9: {=IFERROR(INDEX(Commercial!E$3:E$10,MATCH($A9,Commercial!$A$3:$A$10,0)),0)} -> 0 | K9: {=IFERROR(INDEX(Commercial!K$3:K$10,MATCH($A9,Commercial!$A$3:$A$10,0)),0)} -> 1 | L9: {=IFERROR(INDEX(Commercial!Q$3:Q$10,MATCH($A9,Commercial!$A$3:$A$10,0)),0)} -> 0 | M9: {=IFERROR(INDEX(Commercial!W$3:W$10,MATCH($A9,Commercial!$A$3:$A$10,0)),0)} -> 0 | N9: {=IFERROR(INDEX(Commercial!AC$3:AC$10,MATCH($A9,Commercial!$A$3:$A$10,0)),0)} -> 0 | O9: =SUM(J9:N9) -> 1 | P9: =H9+O9 -> 1
A10: 1294 | B10: Brandy Paton | C10: {=IFERROR(INDEX(Commercial!D$3:D$10,MATCH($A10,Commercial!$A$3:$A$10,0)),0)} -> 0 | D10: {=IFERROR(INDEX(Commercial!J$3:J$10,MATCH($A10,Commercial!$A$3:$A$10,0)),0)} -> 0 | E10: {=IFERROR(INDEX(Commercial!P$3:P$10,MATCH($A10,Commercial!$A$3:$A$10,0)),0)} -> 0 | F10: {=IFERROR(INDEX(Commercial!V$3:V$10,MATCH($A10,Commercial!$A$3:$A$10,0)),0)} -> 0 | G10: {=IFERROR(INDEX(Commercial!AB$3:AB$10,MATCH($A10,Commercial!$A$3:$A$10,0)),0)} -> 0 | H10: =SUM(C10:G10) -> 0 | J10: {=IFERROR(INDEX(Commercial!E$3:E$10,MATCH($A10,Commercial!$A$3:$A$10,0)),0)} -> 0 | K10: {=IFERROR(INDEX(Commercial!K$3:K$10,MATCH($A10,Commercial!$A$3:$A$10,0)),0)} -> 0 | L10: {=IFERROR(INDEX(Commercial!Q$3:Q$10,MATCH($A10,Commercial!$A$3:$A$10,0)),0)} -> 2 | M10: {=IFERROR(INDEX(Commercial!W$3:W$10,MATCH($A10,Commercial!$A$3:$A$10,0)),0)} -> 0 | N10: {=IFERROR(INDEX(Commercial!AC$3:AC$10,MATCH($A10,Commercial!$A$3:$A$10,0)),0)} -> 0 | O10: =SUM(J10:N10) -> 2 | P10: =H10+O10 -> 2
A11: 1280 | B11: Ashlee Franks | C11: {=IFERROR(INDEX(Commercial!D$3:D$10,MATCH($A11,Commercial!$A$3:$A$10,0)),0)} -> 1 | D11: {=IFERROR(INDEX(Commercial!J$3:J$10,MATCH($A11,Commercial!$A$3:$A$10,0)),0)} -> 1 | E11: {=IFERROR(INDEX(Commercial!P$3:P$10,MATCH($A11,Commercial!$A$3:$A$10,0)),0)} -> 1 | F11: {=IFERROR(INDEX(Commercial!V$3:V$10,MATCH($A11,Commercial!$A$3:$A$10,0)),0)} -> 0 | G11: {=IFERROR(INDEX(Commercial!AB$3:AB$10,MATCH($A11,Commercial!$A$3:$A$10,0)),0)} -> 0 | H11: =SUM(C11:G11) -> 3 | J11: {=IFERROR(INDEX(Commercial!E$3:E$10,MATCH($A11,Commercial!$A$3:$A$10,0)),0)} -> 1 | K11: {=IFERROR(INDEX(Commercial!K$3:K$10,MATCH($A11,Commercial!$A$3:$A$10,0)),0)} -> 0 | L11: {=IFERROR(INDEX(Commercial!Q$3:Q$10,MATCH($A11,Commercial!$A$3:$A$10,0)),0)} -> 3 | M11: {=IFERROR(INDEX(Commercial!W$3:W$10,MATCH($A11,Commercial!$A$3:$A$10,0)),0)} -> 0 | N11: {=IFERROR(INDEX(Commercial!AC$3:AC$10,MATCH($A11,Commercial!$A$3:$A$10,0)),0)} -> 0 | O11: =SUM(J11:N11) -> 4 | P11: =H11+O11 -> 7
A12: 1298 | B12: Shelby Lewis | C12: {=IFERROR(INDEX(Commercial!D$3:D$10,MATCH($A12,Commercial!$A$3:$A$10,0)),0)} -> 0 | D12: {=IFERROR(INDEX(Commercial!J$3:J$10,MATCH($A12,Commercial!$A$3:$A$10,0)),0)} -> 0 | E12: {=IFERROR(INDEX(Commercial!P$3:P$10,MATCH($A12,Commercial!$A$3:$A$10,0)),0)} -> 0 | F12: {=IFERROR(INDEX(Commercial!V$3:V$10,MATCH($A12,Commercial!$A$3:$A$10,0)),0)} -> 0 | G12: {=IFERROR(INDEX(Commercial!AB$3:AB$10,MATCH($A12,Commercial!$A$3:$A$10,0)),0)} -> 0 | H12: =SUM(C12:G12) -> 0 | J12: {=IFERROR(INDEX(Commercial!E$3:E$10,MATCH($A12,Commercial!$A$3:$A$10,0)),0)} -> 0 | K12: {=IFERROR(INDEX(Commercial!K$3:K$10,MATCH($A12,Commercial!$A$3:$A$10,0)),0)} -> 0 | L12: {=IFERROR(INDEX(Commercial!Q$3:Q$10,MATCH($A12,Commercial!$A$3:$A$10,0)),0)} -> 0 | M12: {=IFERROR(INDEX(Commercial!W$3:W$10,MATCH($A12,Commercial!$A$3:$A$10,0)),0)} -> 0 | N12: {=IFERROR(INDEX(Commercial!AC$3:AC$10,MATCH($A12,Commercial!$A$3:$A$10,0)),0)} -> 0 | O12: =SUM(J12:N12) -> 0 | P12: =H12+O12 -> 0
A13: 1300 | B13: Neil Singhal | C13: {=IFERROR(INDEX(Commercial!D$3:D$10,MATCH($A13,Commercial!$A$3:$A$10,0)),0)} -> 0 | D13: {=IFERROR(INDEX(Commercial!J$3:J$10,MATCH($A13,Commercial!$A$3:$A$10,0)),0)} -> 0 | E13: {=IFERROR(INDEX(Commercial!P$3:P$10,MATCH($A13,Commercial!$A$3:$A$10,0)),0)} -> 0 | F13: {=IFERROR(INDEX(Commercial!V$3:V$10,MATCH($A13,Commercial!$A$3:$A$10,0)),0)} -> 0 | G13: {=IFERROR(INDEX(Commercial!AB$3:AB$10,MATCH($A13,Commercial!$A$3:$A$10,0)),0)} -> 0 | H13: =SUM(C13:G13) -> 0 | J13: {=IFERROR(INDEX(Commercial!E$3:E$10,MATCH($A13,Commercial!$A$3:$A$10,0)),0)} -> 0 | K13: {=IFERROR(INDEX(Commercial!K$3:K$10,MATCH($A13,Commercial!$A$3:$A$10,0)),0)} -> 1 | L13: {=IFERROR(INDEX(Commercial!Q$3:Q$10,MATCH($A13,Commercial!$A$3:$A$10,0)),0)} -> 0 | M13: {=IFERROR(INDEX(Commercial!W$3:W$10,MATCH($A13,Commercial!$A$3:$A$10,0)),0)} -> 0 | N13: {=IFERROR(INDEX(Commercial!AC$3:AC$10,MATCH($A13,Commercial!$A$3:$A$10,0)),0)} -> 0 | O13: =SUM(J13:N13) -> 1 | P13: =H13+O13 -> 1
A14: 1301 | B14: Albert Williams | C14: {=IFERROR(INDEX(Commercial!D$3:D$10,MATCH($A14,Commercial!$A$3:$A$10,0)),0)} -> 0 | D14: {=IFERROR(INDEX(Commercial!J$3:J$10,MATCH($A14,Commercial!$A$3:$A$10,0)),0)} -> 0 | E14: {=IFERROR(INDEX(Commercial!P$3:P$10,MATCH($A14,Commercial!$A$3:$A$10,0)),0)} -> 0 | F14: {=IFERROR(INDEX(Commercial!V$3:V$10,MATCH($A14,Commercial!$A$3:$A$10,0)),0)} -> 0 | G14: {=IFERROR(INDEX(Commercial!AB$3:AB$10,MATCH($A14,Commercial!$A$3:$A$10,0)),0)} -> 0 | H14: =SUM(C14:G14) -> 0 | J14: {=IFERROR(INDEX(Commercial!E$3:E$10,MATCH($A14,Commercial!$A$3:$A$10,0)),0)} -> 0 | K14: {=IFERROR(INDEX(Commercial!K$3:K$10,MATCH($A14,Commercial!$A$3:$A$10,0)),0)} -> 0 | L14: {=IFERROR(INDEX(Commercial!Q$3:Q$10,MATCH($A14,Commercial!$A$3:$A$10,0)),0)} -> 0 | M14: {=IFERROR(INDEX(Commercial!W$3:W$10,MATCH($A14,Commercial!$A$3:$A$10,0)),0)} -> 0 | N14: {=IFERROR(INDEX(Commercial!AC$3:AC$10,MATCH($A14,Commercial!$A$3:$A$10,0)),0)} -> 0 | O14: =SUM(J14:N14) -> 0 | P14: =H14+O14 -> 0
A15: 1151 | B15: CJ Jackson (Manager) | C15: {=IFERROR(INDEX(Commercial!D$3:D$10,MATCH($A15,Commercial!$A$3:$A$10,0)),0)} -> 0 | D15: {=IFERROR(INDEX(Commercial!J$3:J$10,MATCH($A15,Commercial!$A$3:$A$10,0)),0)} -> 0 | E15: {=IFERROR(INDEX(Commercial!P$3:P$10,MATCH($A15,Commercial!$A$3:$A$10,0)),0)} -> 0 | F15: {=IFERROR(INDEX(Commercial!V$3:V$10,MATCH($A15,Commercial!$A$3:$A$10,0)),0)} -> 0 | G15: {=IFERROR(INDEX(Commercial!AB$3:AB$10,MATCH($A15,Commercial!$A$3:$A$10,0)),0)} -> 0 | H15: =SUM(C15:G15) -> 0 | J15: {=IFERROR(INDEX(Commercial!E$3:E$10,MATCH($A15,Commercial!$A$3:$A$10,0)),0)} -> 0 | K15: {=IFERROR(INDEX(Commercial!K$3:K$10,MATCH($A15,Commercial!$A$3:$A$10,0)),0)} -> 0 | L15: {=IFERROR(INDEX(Commercial!Q$3:Q$10,MATCH($A15,Commercial!$A$3:$A$10,0)),0)} -> 0 | M15: {=IFERROR(INDEX(Commercial!W$3:W$10,MATCH($A15,Commercial!$A$3:$A$10,0)),0)} -> 0 | N15: {=IFERROR(INDEX(Commercial!AC$3:AC$10,MATCH($A15,Commercial!$A$3:$A$10,0)),0)} -> 0 | O15: =SUM(J15:N15) -> 0 | P15: =H15+O15 -> 0
B16: Total | C16: =SUM(C4:C15) -> 1 | D16: =SUM(D4:D15) -> 1 | E16: =SUM(E4:E15) -> 1 | F16: =SUM(F4:F15) -> 0 | G16: =SUM(G4:G15) -> 0 | H16: =SUM(H4:H15) -> 3 | J16: =SUM(J4:J15) -> 2 | K16: =SUM(K4:K15) -> 2 | L16: =SUM(L4:L15) -> 5 | M16: =SUM(M4:M15) -> 0 | N16: =SUM(N4:N15) -> 0 | O16: =SUM(O4:O15) -> 9 | P16: =H16+O16 -> 12
A18: Note: Per department rule, only the SALES (CLOSES) total counts toward the Commercial department's official weekly total (Commercial tab, row 23). FRONTS are tracked here separately for lead-generation performance and are not part of the department's sales total.

Sheet COM Winbacks
A1: Rep # | B1: Rep Name | C1: Monday | D1: Tuesday | E1: Wednesday | F1: Thursday | G1: Friday | H1: Nights | I1: Saturday | J1: Total COMP | K1: BAD TPV | L1: TOTAL WK | M1: Last Week | N1: Difference | O1: Program | P1: Manager
A2: IN HOUSE AGENTS
A3: 1300 | B3: Neil Singhal (Commercial) | C3: 1 | J3: =SUM(C3:I3) -> 1 | L3: =J3-K3 -> 1 | M3: 0 | N3: =J3-M3 -> 1 | O3: ELIGO | P3: CJ
J4: =SUM(C4:I4) -> 0 | L4: =J4-K4 -> 0 | M4: 0 | N4: =J4-M4 -> 0 | O4: ELIGO | P4: CJ
J5: =SUM(C5:I5) -> 0 | L5: =J5-K5 -> 0 | M5: 0 | N5: =J5-M5 -> 0 | O5: ELIGO | P5: CJ
J6: =SUM(C6:I6) -> 0 | L6: =J6-K6 -> 0 | M6: 0 | N6: =J6-M6 -> 0 | O6: ELIGO | P6: CJ
J7: =SUM(C7:I7) -> 0 | L7: =J7-K7 -> 0 | M7: 0 | N7: =J7-M7 -> 0 | O7: ELIGO | P7: CJ
J8: =SUM(C8:I8) -> 0 | L8: =J8-K8 -> 0 | M8: 0 | N8: =J8-M8 -> 0 | O8: ELIGO | P8: CJ
J9: =SUM(C9:I9) -> 0 | L9: =J9-K9 -> 0 | M9: 0 | N9: =J9-M9 -> 0 | O9: ELIGO | P9: CJ
J10: =SUM(C10:I10) -> 0 | L10: =J10-K10 -> 0 | M10: 0 | N10: =J10-M10 -> 0 | O10: ELIGO | P10: CJ
B11: Total | C11: =SUM(C3:C10) -> 1 | D11: =SUM(D3:D10) -> 0 | E11: =SUM(E3:E10) -> 0 | F11: =SUM(F3:F10) -> 0 | G11: =SUM(G3:G10) -> 0 | H11: =SUM(H3:H10) -> 0 | I11: =SUM(I3:I10) -> 0 | J11: =SUM(J3:J10) -> 1 | ... M11: =SUM(M3:M10) -> 0 | N11: =J11-M11 -> 1 | O11: ELIGO | P11: CJ
B12: Night Shift
A13: Rep # | B13: Rep Name | C13: Monday | D13: Tuesday | E13: Wednesday | F13: Thursday | G13: Friday | H13: Nights | I13: Saturday | J13: Total COMP | K13: BAD TPV | L13: TOTAL WK | M13: Last Week | N13: Difference | O13: Program | P13: Manager
J14: =SUM(C14:I14) -> 0 | L14: =J14-K14 -> 0 | M14: 0 | N14: =J14-M14 -> 0 | O14: ELIGO | P14: CJ
J15: =SUM(C15:I15) -> 0 | L15: =J15-K15 -> 0 | M15: 0 | N15: =J15-M15 -> 0 | O15: ELIGO | P15: CJ
J16: =SUM(C16:I16) -> 0 | L16: =J16-K16 -> 0 | M16: 0 | N16: =J16-M16 -> 0 | O16: ELIGO | P16: CJ
J17: =SUM(C17:I17) -> 0 | L17: =J17-K17 -> 0 | M17: 0 | N17: =J17-M17 -> 0 | O17: ELIGO | P17: CJ
J18: =SUM(C18:I18) -> 0 | L18: =J18-K18 -> 0 | M18: 0 | N18: =J18-M18 -> 0 | O18: ELIGO | P18: CJ
B19: Total | C19: =SUM(C14:C18) -> 0 | D19: =SUM(D14:D18) -> 0 | E19: =SUM(E14:E18) -> 0 | F19: =SUM(F14:F18) -> 0 | G19: =SUM(G14:G18) -> 0 | H19: =SUM(H14:H18) -> 0 | I19: =SUM(I14:I18) -> 0 | J19: =SUM(J14:J18) -> 0 | ... M19: =SUM(M14:M18) -> 0 | N19: =J19-M19 -> 0 | O19: ELIGO | P19: CJ
B20: TRAINING (in house)
A21: Rep # | B21: Rep Name | C21: Monday | D21: Tuesday | E21: Wednesday | F21: Thursday | G21: Friday | H21: Nights | I21: Saturday | J21: Total COMP | K21: BAD TPV | L21: TOTAL WK | M21: Last Week | N21: Difference | O21: Program | P21: Manager
J22: =SUM(C22:I22) -> 0 | L22: =J22-K22 -> 0 | M22: 0 | N22: =J22-M22 -> 0 | O22: ELIGO | P22: CJ
J23: =SUM(C23:I23) -> 0 | L23: =J23-K23 -> 0 | M23: 0 | N23: =J23-M23 -> 0 | O23: ELIGO | P23: CJ
J24: =SUM(C24:I24) -> 0 | L24: =J24-K24 -> 0 | M24: 0 | N24: =J24-M24 -> 0 | O24: ELIGO | P24: CJ
B25: Total | C25: =SUM(C22:C24) -> 0 | D25: =SUM(D22:D24) -> 0 | E25: =SUM(E22:E24) -> 0 | F25: =SUM(F22:F24) -> 0 | G25: =SUM(G22:G24) -> 0 | H25: =SUM(H22:H24) -> 0 | I25: =SUM(I22:I24) -> 0 | J25: =SUM(J22:J24) -> 0 | ... M25: =SUM(M22:M24) -> 0 | N25: =J25-M25 -> 0 | O25: ELIGO | P25: CJ
B26: Admin Staff
J27: =SUM(C27:I27) -> 0 | L27: =J27-K27 -> 0 | M27: 0 | N27: =J27-M27 -> 0 | O27: ELIGO | P27: CJ
J28: =SUM(C28:I28) -> 0 | L28: =J28-K28 -> 0 | M28: 0 | N28: =J28-M28 -> 0 | O28: ELIGO | P28: CJ
J29: =SUM(C29:I29) -> 0 | L29: =J29-K29 -> 0 | M29: 0 | N29: =J29-M29 -> 0 | O29: ELIGO | P29: CJ
J30: =SUM(C30:I30) -> 0 | L30: =J30-K30 -> 0 | M30: 0 | N30: =J30-M30 -> 0 | O30: ELIGO | P30: CJ
B31: Total | C31: =SUM(C11,C19,C25) -> 1 | D31: =SUM(D11,D19,D25) -> 0 | E31: =SUM(E11,E19,E25) -> 0 | F31: =SUM(F11,F19,F25) -> 0 | G31: =SUM(G11,G19,G25) -> 0 | H31: =SUM(H11,H19,H25) -> 0 | I31: =SUM(I11,I19,I25) -> 0 | J31: =SUM(J11,J19,J25) -> 1 | ... M31: =SUM(M11,M19,M25) -> 0 | N31: =J31-M31 -> 1
B32: Last Week | C32: 0 | D32: 0 | E32: 0 | F32: 0 | G32: 0 | H32: 0 | J32: 0
B33: Difference | C33: =C31-C32 -> 1 | D33: =D31-D32 -> 0 | E33: =E31-E32 -> 0 | F33: =F31-F32 -> 0 | G33: =G31-G32 -> 0 | H33: =H31-H32 -> 0 | J33: =J31-J32 -> 1

Sheet Residential
A1: Rep # | B1: Rep Name | C1: Monday | D1: Tuesday | E1: Wednesday | F1: Thursday | G1: Friday | H1: Total COMP | I1: BAD TPV | J1: TOTAL WK | K1: Last Week | L1: Difference | M1: Program | N1: Manager
A2: IN HOUSE AGENTS
A3: 1301 | B3: Albert Williams (Commercial) | C3: {=IFERROR(_xlfn.XLOOKUP($A3,Commercial!$A:$A,Commercial!$F:$F,0,0),0)} -> 0 | D3: {=IFERROR(_xlfn.XLOOKUP($A3,Commercial!$A:$A,Commercial!$L:$L,0,0),0)} -> 0 | E3: {=IFERROR(_xlfn.XLOOKUP($A3,Commercial!$A:$A,Commercial!$R:$R,0,0),0)} -> 0 | F3: {=IFERROR(_xlfn.XLOOKUP($A3,Commercial!$A:$A,Commercial!$X:$X,0,0),0)} -> 0 | G3: {=IFERROR(_xlfn.XLOOKUP($A3,Commercial!$A:$A,Commercial!$AD:$AD,0,0),0)} -> 0 | H3: =SUM(C3:G3) -> 0 | J3: =H3-I3 -> 0 | K3: 0 | L3: =H3-K3 -> 0 | M3: ELIGO | N3: CJ
A4: 1280 | B4: Ashlee Franks (Commercial) | C4: {=IFERROR(_xlfn.XLOOKUP($A4,Commercial!$A:$A,Commercial!$F:$F,0,0),0)} -> 0 | D4: {=IFERROR(_xlfn.XLOOKUP($A4,Commercial!$A:$A,Commercial!$L:$L,0,0),0)} -> 0 | E4: {=IFERROR(_xlfn.XLOOKUP($A4,Commercial!$A:$A,Commercial!$R:$R,0,0),0)} -> 0 | F4: {=IFERROR(_xlfn.XLOOKUP($A4,Commercial!$A:$A,Commercial!$X:$X,0,0),0)} -> 0 | G4: {=IFERROR(_xlfn.XLOOKUP($A4,Commercial!$A:$A,Commercial!$AD:$AD,0,0),0)} -> 0 | H4: =SUM(C4:G4) -> 0 | J4: =H4-I4 -> 0 | K4: 0 | L4: =H4-K4 -> 0 | M4: ELIGO | N4: CJ
A5: 1294 | B5: Brandy Paton (Commercial) | C5: {=IFERROR(_xlfn.XLOOKUP($A5,Commercial!$A:$A,Commercial!$F:$F,0,0),0)} -> 0 | D5: {=IFERROR(_xlfn.XLOOKUP($A5,Commercial!$A:$A,Commercial!$L:$L,0,0),0)} -> 0 | E5: {=IFERROR(_xlfn.XLOOKUP($A5,Commercial!$A:$A,Commercial!$R:$R,0,0),0)} -> 0 | F5: {=IFERROR(_xlfn.XLOOKUP($A5,Commercial!$A:$A,Commercial!$X:$X,0,0),0)} -> 0 | G5: {=IFERROR(_xlfn.XLOOKUP($A5,Commercial!$A:$A,Commercial!$AD:$AD,0,0),0)} -> 0 | H5: =SUM(C5:G5) -> 0 | J5: =H5-I5 -> 0 | K5: 0 | L5: =H5-K5 -> 0 | M5: ELIGO | N5: CJ
A6: 1175 | B6: Kenticka Tate (Remote)(Commercial) | C6: {=IFERROR(_xlfn.XLOOKUP($A6,Commercial!$A:$A,Commercial!$F:$F,0,0),0)} -> 0 | D6: {=IFERROR(_xlfn.XLOOKUP($A6,Commercial!$A:$A,Commercial!$L:$L,0,0),0)} -> 0 | E6: {=IFERROR(_xlfn.XLOOKUP($A6,Commercial!$A:$A,Commercial!$R:$R,0,0),0)} -> 0 | F6: {=IFERROR(_xlfn.XLOOKUP($A6,Commercial!$A:$A,Commercial!$X:$X,0,0),0)} -> 0 | G6: {=IFERROR(_xlfn.XLOOKUP($A6,Commercial!$A:$A,Commercial!$AD:$AD,0,0),0)} -> 0 | H6: =SUM(C6:G6) -> 0 | J6: =H6-I6 -> 0 | K6: 0 | L6: =H6-K6 -> 0 | M6: ELIGO | N6: CJ
A7: 1300 | B7: Neil Singhal (Commercial) | C7: {=IFERROR(_xlfn.XLOOKUP($A7,Commercial!$A:$A,Commercial!$F:$F,0,0),0)} -> 0 | D7: {=IFERROR(_xlfn.XLOOKUP($A7,Commercial!$A:$A,Commercial!$L:$L,0,0),0)} -> 0 | E7: {=IFERROR(_xlfn.XLOOKUP($A7,Commercial!$A:$A,Commercial!$R:$R,0,0),0)} -> 0 | F7: {=IFERROR(_xlfn.XLOOKUP($A7,Commercial!$A:$A,Commercial!$X:$X,0,0),0)} -> 0 | G7: {=IFERROR(_xlfn.XLOOKUP($A7,Commercial!$A:$A,Commercial!$AD:$AD,0,0),0)} -> 0 | H7: =SUM(C7:G7) -> 0 | J7: =H7-I7 -> 0 | K7: 0 | L7: =H7-K7 -> 0 | M7: ELIGO | N7: CJ
A8: 1291 | B8: Raven Mitchell (Commercial) | C8: {=IFERROR(_xlfn.XLOOKUP($A8,Commercial!$A:$A,Commercial!$F:$F,0,0),0)} -> 0 | D8: {=IFERROR(_xlfn.XLOOKUP($A8,Commercial!$A:$A,Commercial!$L:$L,0,0),0)} -> 0 | E8: {=IFERROR(_xlfn.XLOOKUP($A8,Commercial!$A:$A,Commercial!$R:$R,0,0),0)} -> 0 | F8: {=IFERROR(_xlfn.XLOOKUP($A8,Commercial!$A:$A,Commercial!$X:$X,0,0),0)} -> 0 | G8: {=IFERROR(_xlfn.XLOOKUP($A8,Commercial!$A:$A,Commercial!$AD:$AD,0,0),0)} -> 0 | H8: =SUM(C8:G8) -> 0 | J8: =H8-I8 -> 0 | K8: 0 | L8: =H8-K8 -> 0 | M8: ELIGO | N8: CJ
H9: =SUM(C9:G9) -> 0 | J9: =H9-I9 -> 0 | K9: 0 | L9: =H9-K9 -> 0 | M9: ELIGO | N9: CJ
H10: =SUM(C10:G10) -> 0 | J10: =H10-I10 -> 0 | K10: 0 | L10: =H10-K10 -> 0 | M10: ELIGO | N10: CJ
B11: Total | C11: =SUM(C3:C10) -> 0 | D11: =SUM(D3:D10) -> 0 | E11: =SUM(E3:E10) -> 0 | F11: =SUM(F3:F10) -> 0 | G11: =SUM(G3:G10) -> 0 | H11: =SUM(C11:G11) -> 0 | I11: =SUM(I3:I10) -> 0 | J11: =SUM(J3:J10) -> 0 | K11: =SUM(K3:K10) -> 0 | L11: =H11-K11 -> 0 | M11: ELIGO | N11: CJ
B12: Night Shift
A13: Rep # | B13: Rep Name | C13: Monday | D13: Tuesday | E13: Wednesday | F13: Thursday | G13: Friday | H13: Total COMP | I13: BAD TPV | J13: TOTAL WK | K13: Last Week | L13: Difference | M13: Program | N13: Manager
H14: =SUM(C14:G14) -> 0 | J14: =H14-I14 -> 0 | K14: 0 | L14: =H14-K14 -> 0 | M14: ELIGO | N14: CJ
H15: =SUM(C15:G15) -> 0 | J15: =H15-I15 -> 0 | K15: 0 | L15: =H15-K15 -> 0 | M15: ELIGO | N15: CJ
H16: =SUM(C16:G16) -> 0 | J16: =H16-I16 -> 0 | K16: 0 | L16: =H16-K16 -> 0 | M16: ELIGO | N16: CJ
H17: =SUM(C17:G17) -> 0 | J17: =H17-I17 -> 0 | K17: 0 | L17: =H17-K17 -> 0 | M17: ELIGO | N17: CJ
H18: =SUM(C18:G18) -> 0 | J18: =H18-I18 -> 0 | K18: 0 | L18: =H18-K18 -> 0 | M18: ELIGO | N18: CJ
H19: =SUM(C19:G19) -> 0 | J19: =H19-I19 -> 0 | K19: 0 | L19: =H19-K19 -> 0 | M19: ELIGO | N19: CJ
H20: =SUM(C20:G20) -> 0 | J20: =H20-I20 -> 0 | K20: 0 | L20: =H20-K20 -> 0 | M20: ELIGO | N20: CJ
H21: =SUM(C21:G21) -> 0 | J21: =H21-I21 -> 0 | K21: 0 | L21: =H21-K21 -> 0 | M21: ELIGO | N21: CJ
H22: =SUM(C22:G22) -> 0 | J22: =H22-I22 -> 0 | K22: 0 | L22: =H22-K22 -> 0 | M22: ELIGO | N22: CJ
H23: =SUM(C23:G23) -> 0 | J23: =H23-I23 -> 0 | K23: 0 | L23: =H23-K23 -> 0 | M23: ELIGO | N23: CJ
B24: Total | C24: =SUM(C14:C23) -> 0 | D24: =SUM(D14:D23) -> 0 | E24: =SUM(E14:E23) -> 0 | F24: =SUM(F14:F23) -> 0 | G24: =SUM(G14:G23) -> 0 | H24: =SUM(H14:H23) -> 0 | I24: =SUM(I14:I23) -> 0 | J24: =SUM(J14:J23) -> 0 | K24: =SUM(K14:K23) -> 0 | L24: =H24-K24 -> 0 | M24: ELIGO | N24: CJ
B25: TRAINING (in house)
A26: Rep # | B26: Rep Name | C26: Monday | D26: Tuesday | E26: Wednesday | F26: Thursday | G26: Friday | H26: Total COMP | I26: BAD TPV | J26: TOTAL WK | K26: Last Week | L26: Difference | M26: Program | N26: Manager
H27: =SUM(C27:G27) -> 0 | J27: =H27-I27 -> 0 | K27: 0 | L27: =H27-K27 -> 0 | M27: ELIGO | N27: CJ
H28: =SUM(C28:G28) -> 0 | J28: =H28-I28 -> 0 | K28: 0 | L28: =H28-K28 -> 0 | M28: ELIGO | N28: CJ
H29: =SUM(C29:G29) -> 0 | J29: =H29-I29 -> 0 | K29: 0 | L29: =H29-K29 -> 0 | M29: ELIGO | N29: CJ
H30: =SUM(C30:G30) -> 0 | J30: =H30-I30 -> 0 | K30: 0 | L30: =H30-K30 -> 0 | M30: ELIGO | N30: CJ
B31: Admin Staff
H32: =SUM(C32:G32) -> 0 | J32: =H32-I32 -> 0 | K32: 0 | L32: =H32-K32 -> 0 | M32: ELIGO | N32: CJ
H33: =SUM(C33:G33) -> 0 | J33: =H33-I33 -> 0 | K33: 0 | L33: =H33-K33 -> 0 | M33: ELIGO | N33: CJ
H34: =SUM(C34:G34) -> 0 | J34: =H34-I34 -> 0 | K34: 0 | L34: =H34-K34 -> 0 | M34: ELIGO | N34: CJ
H35: =SUM(C35:G35) -> 0 | J35: =H35-I35 -> 0 | K35: 0 | L35: =H35-K35 -> 0 | M35: ELIGO | N35: CJ
B36: Total | C36: =+SUM(C11,C24) -> 0 | D36: =+SUM(D11,D24) -> 0 | E36: =+SUM(E11,E24) -> 0 | F36: =+SUM(F11,F24) -> 0 | G36: =+SUM(G11,G24) -> 0 | H36: =+SUM(H11,H24) -> 0 | I36: =+SUM(I11,I24) -> 0 | J36: =+SUM(J11,J24) -> 0 | K36: =+SUM(K11,K24) -> 0 | L36: =H36-K36 -> 0
B37: Last Week | C37: 0 | D37: 0 | E37: 0 | F37: 0 | G37: 0 | H37: 0
B38: Difference | C38: =C36-C37 -> 0 | D38: =D36-D37 -> 0 | E38: =E36-E37 -> 0 | F38: =F36-F37 -> 0 | G38: =G36-G37 -> 0 | H38: =H36-H37 -> 0

Sheet Dashboard
A1: Rep # | B1: Rep Name | C1: COM Winbacks | H1: Residential | M1: Commercial | R1: DAILY TOTALS | W1: Grand Total
B2: FRONTERS | C2: Mon | D2: Tue | E2: Wed | F2: Thu | G2: Fri | H2: Mon | I2: Tue | J2: Wed | K2: Thu | L2: Fri | M2: Mon | N2: Tue | O2: Wed | P2: Thu | Q2: Fri | R2: Mon | S2: Tue | T2: Wed | U2: Thu | V2: Fri
A3: =Commercial!A3 -> 1291 | B3: {=IFERROR(INDEX(Commercial!B:B,MATCH(A3,Commercial!A:A,0)),"")} -> Raven Mitchell (Commercial) | C3: =IFERROR(SUMIF('COM Winbacks'!$A:$A,$A3,'COM Winbacks'!C:C),0) -> 0 | D3: =IFERROR(SUMIF('COM Winbacks'!$A:$A,$A3,'COM Winbacks'!D:D),0) -> 0 | E3: =IFERROR(SUMIF('COM Winbacks'!$A:$A,$A3,'COM Winbacks'!E:E),0) -> 0 | F3: =IFERROR(SUMIF('COM Winbacks'!$A:$A,$A3,'COM Winbacks'!F:F),0) -> 0 | G3: =IFERROR(SUMIF('COM Winbacks'!$A:$A,$A3,'COM Winbacks'!G:G),0) -> 0 | H3: =IFERROR(SUMIF(Residential!$A:$A,$A3,Residential!C:C),0) -> 0 | I3: =IFERROR(SUMIF(Residential!$A:$A,$A3,Residential!D:D),0) -> 0 | J3: =IFERROR(SUMIF(Residential!$A:$A,$A3,Residential!E:E),0) -> 0 | K3: =IFERROR(SUMIF(Residential!$A:$A,$A3,Residential!F:F),0) -> 0 | L3: =IFERROR(SUMIF(Residential!$A:$A,$A3,Residential!G:G),0) -> 0 | M3: =IFERROR(SUMIF(Commercial!$A$3:$A$7,$A3,Commercial!E$3:E$7),0) -> 1 | N3: =IFERROR(SUMIF(Commercial!$A$3:$A$7,$A3,Commercial!K$3:K$7),0) -> 0 | O3: =IFERROR(SUMIF(Commercial!$A$3:$A$7,$A3,Commercial!Q$3:Q$7),0) -> 0 | P3: =IFERROR(SUMIF(Commercial!$A$3:$A$7,$A3,Commercial!W$3:W$7),0) -> 0 | Q3: =IFERROR(SUMIF(Commercial!$A$3:$A$7,$A3,Commercial!AC$3:AC$7),0) -> 0 | R3: =C3+H3+M3 -> 1 | S3: =D3+I3+N3 -> 0 | T3: =E3+J3+O3 -> 0 | U3: =F3+K3+P3 -> 0 | V3: =G3+L3+Q3 -> 0 | W3: =SUM(R3:V3) -> 1
A4: =Commercial!A4 -> 1175 | B4: {=IFERROR(INDEX(Commercial!B:B,MATCH(A4,Commercial!A:A,0)),"")} -> Kenticka Tate (Commercial) | C4: =IFERROR(SUMIF('COM Winbacks'!$A:$A,$A4,'COM Winbacks'!C:C),0) -> 0 | D4: =IFERROR(SUMIF('COM Winbacks'!$A:$A,$A4,'COM Winbacks'!D:D),0) -> 0 | E4: =IFERROR(SUMIF('COM Winbacks'!$A:$A,$A4,'COM Winbacks'!E:E),0) -> 0 | F4: =IFERROR(SUMIF('COM Winbacks'!$A:$A,$A4,'COM Winbacks'!F:F),0) -> 0 | G4: =IFERROR(SUMIF('COM Winbacks'!$A:$A,$A4,'COM Winbacks'!G:G),0) -> 0 | H4: =IFERROR(SUMIF(Residential!$A:$A,$A4,Residential!C:C),0) -> 0 | I4: =IFERROR(SUMIF(Residential!$A:$A,$A4,Residential!D:D),0) -> 0 | J4: =IFERROR(SUMIF(Residential!$A:$A,$A4,Residential!E:E),0) -> 0 | K4: =IFERROR(SUMIF(Residential!$A:$A,$A4,Residential!F:F),0) -> 0 | L4: =IFERROR(SUMIF(Residential!$A:$A,$A4,Residential!G:G),0) -> 0 | M4: =IFERROR(SUMIF(Commercial!$A$3:$A$7,$A4,Commercial!E$3:E$7),0) -> 0 | N4: =IFERROR(SUMIF(Commercial!$A$3:$A$7,$A4,Commercial!K$3:K$7),0) -> 1 | O4: =IFERROR(SUMIF(Commercial!$A$3:$A$7,$A4,Commercial!Q$3:Q$7),0) -> 0 | P4: =IFERROR(SUMIF(Commercial!$A$3:$A$7,$A4,Commercial!W$3:W$7),0) -> 0 | Q4: =IFERROR(SUMIF(Commercial!$A$3:$A$7,$A4,Commercial!AC$3:AC$7),0) -> 0 | R4: =C4+H4+M4 -> 0 | S4: =D4+I4+N4 -> 1 | T4: =E4+J4+O4 -> 0 | U4: =F4+K4+P4 -> 0 | V4: =G4+L4+Q4 -> 0 | W4: =SUM(R4:V4) -> 1
A5: =Commercial!A5 -> 1294 | B5: {=IFERROR(INDEX(Commercial!B:B,MATCH(A5,Commercial!A:A,0)),"")} -> Brandy Paton (Commercial) | C5: =IFERROR(SUMIF('COM Winbacks'!$A:$A,$A5,'COM Winbacks'!C:C),0) -> 0 | D5: =IFERROR(SUMIF('COM Winbacks'!$A:$A,$A5,'COM Winbacks'!D:D),0) -> 0 | E5: =IFERROR(SUMIF('COM Winbacks'!$A:$A,$A5,'COM Winbacks'!E:E),0) -> 0 | F5: =IFERROR(SUMIF('COM Winbacks'!$A:$A,$A5,'COM Winbacks'!F:F),0) -> 0 | G5: =IFERROR(SUMIF('COM Winbacks'!$A:$A,$A5,'COM Winbacks'!G:G),0) -> 0 | H5: =IFERROR(SUMIF(Residential!$A:$A,$A5,Residential!C:C),0) -> 0 | I5: =IFERROR(SUMIF(Residential!$A:$A,$A5,Residential!D:D),0) -> 0 | J5: =IFERROR(SUMIF(Residential!$A:$A,$A5,Residential!E:E),0) -> 0 | K5: =IFERROR(SUMIF(Residential!$A:$A,$A5,Residential!F:F),0) -> 0 | L5: =IFERROR(SUMIF(Residential!$A:$A,$A5,Residential!G:G),0) -> 0 | M5: =IFERROR(SUMIF(Commercial!$A$3:$A$7,$A5,Commercial!E$3:E$7),0) -> 0 | N5: =IFERROR(SUMIF(Commercial!$A$3:$A$7,$A5,Commercial!K$3:K$7),0) -> 0 | O5: =IFERROR(SUMIF(Commercial!$A$3:$A$7,$A5,Commercial!Q$3:Q$7),0) -> 2 | P5: =IFERROR(SUMIF(Commercial!$A$3:$A$7,$A5,Commercial!W$3:W$7),0) -> 0 | Q5: =IFERROR(SUMIF(Commercial!$A$3:$A$7,$A5,Commercial!AC$3:AC$7),0) -> 0 | R5: =C5+H5+M5 -> 0 | S5: =D5+I5+N5 -> 0 | T5: =E5+J5+O5 -> 2 | U5: =F5+K5+P5 -> 0 | V5: =G5+L5+Q5 -> 0 | W5: =SUM(R5:V5) -> 2
A6: =Commercial!A6 -> 1280 | B6: {=IFERROR(INDEX(Commercial!B:B,MATCH(A6,Commercial!A:A,0)),"")} -> Ashlee Franks (Commercial) | C6: =IFERROR(SUMIF('COM Winbacks'!$A:$A,$A6,'COM Winbacks'!C:C),0) -> 0 | D6: =IFERROR(SUMIF('COM Winbacks'!$A:$A,$A6,'COM Winbacks'!D:D),0) -> 0 | E6: =IFERROR(SUMIF('COM Winbacks'!$A:$A,$A6,'COM Winbacks'!E:E),0) -> 0 | F6: =IFERROR(SUMIF('COM Winbacks'!$A:$A,$A6,'COM Winbacks'!F:F),0) -> 0 | G6: =IFERROR(SUMIF('COM Winbacks'!$A:$A,$A6,'COM Winbacks'!G:G),0) -> 0 | H6: =IFERROR(SUMIF(Residential!$A:$A,$A6,Residential!C:C),0) -> 0 | I6: =IFERROR(SUMIF(Residential!$A:$A,$A6,Residential!D:D),0) -> 0 | J6: =IFERROR(SUMIF(Residential!$A:$A,$A6,Residential!E:E),0) -> 0 | K6: =IFERROR(SUMIF(Residential!$A:$A,$A6,Residential!F:F),0) -> 0 | L6: =IFERROR(SUMIF(Residential!$A:$A,$A6,Residential!G:G),0) -> 0 | M6: =IFERROR(SUMIF(Commercial!$A$3:$A$7,$A6,Commercial!E$3:E$7),0) -> 1 | N6: =IFERROR(SUMIF(Commercial!$A$3:$A$7,$A6,Commercial!K$3:K$7),0) -> 0 | O6: =IFERROR(SUMIF(Commercial!$A$3:$A$7,$A6,Commercial!Q$3:Q$7),0) -> 3 | P6: =IFERROR(SUMIF(Commercial!$A$3:$A$7,$A6,Commercial!W$3:W$7),0) -> 0 | Q6: =IFERROR(SUMIF(Commercial!$A$3:$A$7,$A6,Commercial!AC$3:AC$7),0) -> 0 | R6: =C6+H6+M6 -> 1 | S6: =D6+I6+N6 -> 0 | T6: =E6+J6+O6 -> 3 | U6: =F6+K6+P6 -> 0 | V6: =G6+L6+Q6 -> 0 | W6: =SUM(R6:V6) -> 4
B7: {=IFERROR(INDEX(Commercial!B:B,MATCH(A7,Commercial!A:A,0)),"")} | C7: =IFERROR(SUMIF('COM Winbacks'!$A:$A,$A7,'COM Winbacks'!C:C),0) -> 0 | D7: =IFERROR(SUMIF('COM Winbacks'!$A:$A,$A7,'COM Winbacks'!D:D),0) -> 0 | E7: =IFERROR(SUMIF('COM Winbacks'!$A:$A,$A7,'COM Winbacks'!E:E),0) -> 0 | F7: =IFERROR(SUMIF('COM Winbacks'!$A:$A,$A7,'COM Winbacks'!F:F),0) -> 0 | G7: =IFERROR(SUMIF('COM Winbacks'!$A:$A,$A7,'COM Winbacks'!G:G),0) -> 0 | H7: =IFERROR(SUMIF(Residential!$A:$A,$A7,Residential!C:C),0) -> 0 | I7: =IFERROR(SUMIF(Residential!$A:$A,$A7,Residential!D:D),0) -> 0 | J7: =IFERROR(SUMIF(Residential!$A:$A,$A7,Residential!E:E),0) -> 0 | K7: =IFERROR(SUMIF(Residential!$A:$A,$A7,Residential!F:F),0) -> 0 | L7: =IFERROR(SUMIF(Residential!$A:$A,$A7,Residential!G:G),0) -> 0 | M7: =IFERROR(SUMIF(Commercial!$A$3:$A$7,$A7,Commercial!E$3:E$7),0) -> 0 | N7: =IFERROR(SUMIF(Commercial!$A$3:$A$7,$A7,Commercial!K$3:K$7),0) -> 0 | O7: =IFERROR(SUMIF(Commercial!$A$3:$A$7,$A7,Commercial!Q$3:Q$7),0) -> 0 | P7: =IFERROR(SUMIF(Commercial!$A$3:$A$7,$A7,Commercial!W$3:W$7),0) -> 0 | Q7: =IFERROR(SUMIF(Commercial!$A$3:$A$7,$A7,Commercial!AC$3:AC$7),0) -> 0 | R7: =C7+H7+M7 -> 0 | S7: =D7+I7+N7 -> 0 | T7: =E7+J7+O7 -> 0 | U7: =F7+K7+P7 -> 0 | V7: =G7+L7+Q7 -> 0 | W7: =SUM(R7:V7) -> 0
A8: =Commercial!A7 -> 1301 | B8: {=IFERROR(INDEX(Commercial!B:B,MATCH(A8,Commercial!A:A,0)),"")} -> Albert Williams (Commercial) | C8: =IFERROR(SUMIF('COM Winbacks'!$A:$A,$A8,'COM Winbacks'!C:C),0) -> 0 | D8: =IFERROR(SUMIF('COM Winbacks'!$A:$A,$A8,'COM Winbacks'!D:D),0) -> 0 | E8: =IFERROR(SUMIF('COM Winbacks'!$A:$A,$A8,'COM Winbacks'!E:E),0) -> 0 | F8: =IFERROR(SUMIF('COM Winbacks'!$A:$A,$A8,'COM Winbacks'!F:F),0) -> 0 | G8: =IFERROR(SUMIF('COM Winbacks'!$A:$A,$A8,'COM Winbacks'!G:G),0) -> 0 | H8: =IFERROR(SUMIF(Residential!$A:$A,$A8,Residential!C:C),0) -> 0 | I8: =IFERROR(SUMIF(Residential!$A:$A,$A8,Residential!D:D),0) -> 0 | J8: =IFERROR(SUMIF(Residential!$A:$A,$A8,Residential!E:E),0) -> 0 | K8: =IFERROR(SUMIF(Residential!$A:$A,$A8,Residential!F:F),0) -> 0 | L8: =IFERROR(SUMIF(Residential!$A:$A,$A8,Residential!G:G),0) -> 0 | M8: =IFERROR(SUMIF(Commercial!$A$3:$A$7,$A8,Commercial!E$3:E$7),0) -> 0 | N8: =IFERROR(SUMIF(Commercial!$A$3:$A$7,$A8,Commercial!K$3:K$7),0) -> 0 | O8: =IFERROR(SUMIF(Commercial!$A$3:$A$7,$A8,Commercial!Q$3:Q$7),0) -> 0 | P8: =IFERROR(SUMIF(Commercial!$A$3:$A$7,$A8,Commercial!W$3:W$7),0) -> 0 | Q8: =IFERROR(SUMIF(Commercial!$A$3:$A$7,$A8,Commercial!AC$3:AC$7),0) -> 0 | R8: =C8+H8+M8 -> 0 | S8: =D8+I8+N8 -> 0 | T8: =E8+J8+O8 -> 0 | U8: =F8+K8+P8 -> 0 | V8: =G8+L8+Q8 -> 0 | W8: =SUM(R8:V8) -> 0
B10: CLOSERS | W10: =SUM(W3:W9) -> 8
B11: {=IFERROR(INDEX(Commercial!B:B,MATCH(A11,Commercial!A:A,0)),"")} | C11: =IFERROR(SUMIF('COM Winbacks'!$A:$A,$A11,'COM Winbacks'!C:C),0) -> 0 | D11: =IFERROR(SUMIF('COM Winbacks'!$A:$A,$A11,'COM Winbacks'!D:D),0) -> 0 | E11: =IFERROR(SUMIF('COM Winbacks'!$A:$A,$A11,'COM Winbacks'!E:E),0) -> 0 | F11: =IFERROR(SUMIF('COM Winbacks'!$A:$A,$A11,'COM Winbacks'!F:F),0) -> 0 | G11: =IFERROR(SUMIF('COM Winbacks'!$A:$A,$A11,'COM Winbacks'!G:G),0) -> 0 | H11: =IFERROR(SUMIF(Residential!$A:$A,$A11,Residential!C:C),0) -> 0 | I11: =IFERROR(SUMIF(Residential!$A:$A,$A11,Residential!D:D),0) -> 0 | J11: =IFERROR(SUMIF(Residential!$A:$A,$A11,Residential!E:E),0) -> 0 | K11: =IFERROR(SUMIF(Residential!$A:$A,$A11,Residential!F:F),0) -> 0 | L11: =IFERROR(SUMIF(Residential!$A:$A,$A11,Residential!G:G),0) -> 0 | M11: =IFERROR(SUMIF(Commercial!$A$8:$A$10,$A11,Commercial!E$8:E$10),0) -> 0 | N11: =IFERROR(SUMIF(Commercial!$A$8:$A$10,$A11,Commercial!K$8:K$10),0) -> 0 | O11: =IFERROR(SUMIF(Commercial!$A$8:$A$10,$A11,Commercial!Q$8:Q$10),0) -> 0 | P11: =IFERROR(SUMIF(Commercial!$A$8:$A$10,$A11,Commercial!W$8:W$10),0) -> 0 | Q11: =IFERROR(SUMIF(Commercial!$A$8:$A$10,$A11,Commercial!AC$8:AC$10),0) -> 0 | R11: =C11+H11+M11 -> 0 | S11: =D11+I11+N11 -> 0 | T11: =E11+J11+O11 -> 0 | U11: =F11+K11+P11 -> 0 | V11: =G11+L11+Q11 -> 0 | W11: =SUM(R11:V11) -> 0
A12: =Commercial!A8 -> 1151 | B12: {=IFERROR(INDEX(Commercial!B:B,MATCH(A12,Commercial!A:A,0)),"")} -> CJ Jackson (Manager/Closer) | C12: =IFERROR(SUMIF('COM Winbacks'!$A:$A,$A12,'COM Winbacks'!C:C),0) -> 0 | D12: =IFERROR(SUMIF('COM Winbacks'!$A:$A,$A12,'COM Winbacks'!D:D),0) -> 0 | E12: =IFERROR(SUMIF('COM Winbacks'!$A:$A,$A12,'COM Winbacks'!E:E),0) -> 0 | F12: =IFERROR(SUMIF('COM Winbacks'!$A:$A,$A12,'COM Winbacks'!F:F),0) -> 0 | G12: =IFERROR(SUMIF('COM Winbacks'!$A:$A,$A12,'COM Winbacks'!G:G),0) -> 0 | H12: =IFERROR(SUMIF(Residential!$A:$A,$A12,Residential!C:C),0) -> 0 | I12: =IFERROR(SUMIF(Residential!$A:$A,$A12,Residential!D:D),0) -> 0 | J12: =IFERROR(SUMIF(Residential!$A:$A,$A12,Residential!E:E),0) -> 0 | K12: =IFERROR(SUMIF(Residential!$A:$A,$A12,Residential!F:F),0) -> 0 | L12: =IFERROR(SUMIF(Residential!$A:$A,$A12,Residential!G:G),0) -> 0 | M12: =IFERROR(SUMIF(Commercial!$A$8:$A$10,$A12,Commercial!E$8:E$10),0) -> 0 | N12: =IFERROR(SUMIF(Commercial!$A$8:$A$10,$A12,Commercial!K$8:K$10),0) -> 0 | O12: =IFERROR(SUMIF(Commercial!$A$8:$A$10,$A12,Commercial!Q$8:Q$10),0) -> 0 | P12: =IFERROR(SUMIF(Commercial!$A$8:$A$10,$A12,Commercial!W$8:W$10),0) -> 0 | Q12: =IFERROR(SUMIF(Commercial!$A$8:$A$10,$A12,Commercial!AC$8:AC$10),0) -> 0 | R12: =C12+H12+M12 -> 0 | S12: =D12+I12+N12 -> 0 | T12: =E12+J12+O12 -> 0 | U12: =F12+K12+P12 -> 0 | V12: =G12+L12+Q12 -> 0 | W12: =SUM(R12:V12) -> 0
A13: =Commercial!A9 -> 1300 | B13: {=IFERROR(INDEX(Commercial!B:B,MATCH(A13,Commercial!A:A,0)),"")} -> Neil Singhal (Commercial) | C13: =IFERROR(SUMIF('COM Winbacks'!$A:$A,$A13,'COM Winbacks'!C:C),0) -> 1 | D13: =IFERROR(SUMIF('COM Winbacks'!$A:$A,$A13,'COM Winbacks'!D:D),0) -> 0 | E13: =IFERROR(SUMIF('COM Winbacks'!$A:$A,$A13,'COM Winbacks'!E:E),0) -> 0 | F13: =IFERROR(SUMIF('COM Winbacks'!$A:$A,$A13,'COM Winbacks'!F:F),0) -> 0 | G13: =IFERROR(SUMIF('COM Winbacks'!$A:$A,$A13,'COM Winbacks'!G:G),0) -> 0 | H13: =IFERROR(SUMIF(Residential!$A:$A,$A13,Residential!C:C),0) -> 0 | I13: =IFERROR(SUMIF(Residential!$A:$A,$A13,Residential!D:D),0) -> 0 | J13: =IFERROR(SUMIF(Residential!$A:$A,$A13,Residential!E:E),0) -> 0 | K13: =IFERROR(SUMIF(Residential!$A:$A,$A13,Residential!F:F),0) -> 0 | L13: =IFERROR(SUMIF(Residential!$A:$A,$A13,Residential!G:G),0) -> 0 | M13: =IFERROR(SUMIF(Commercial!$A$8:$A$10,$A13,Commercial!E$8:E$10),0) -> 0 | N13: =IFERROR(SUMIF(Commercial!$A$8:$A$10,$A13,Commercial!K$8:K$10),0) -> 1 | O13: =IFERROR(SUMIF(Commercial!$A$8:$A$10,$A13,Commercial!Q$8:Q$10),0) -> 0 | P13: =IFERROR(SUMIF(Commercial!$A$8:$A$10,$A13,Commercial!W$8:W$10),0) -> 0 | Q13: =IFERROR(SUMIF(Commercial!$A$8:$A$10,$A13,Commercial!AC$8:AC$10),0) -> 0 | R13: =C13+H13+M13 -> 1 | S13: =D13+I13+N13 -> 1 | T13: =E13+J13+O13 -> 0 | U13: =F13+K13+P13 -> 0 | V13: =G13+L13+Q13 -> 0 | W13: =SUM(R13:V13) -> 2
B14: TOTAL | C14: =SUM(C3:C13) -> 1 | D14: =SUM(D3:D13) -> 0 | E14: =SUM(E3:E13) -> 0 | F14: =SUM(F3:F13) -> 0 | G14: =SUM(G3:G13) -> 0 | H14: =SUM(H3:H13) -> 0 | I14: =SUM(I3:I13) -> 0 | J14: =SUM(J3:J13) -> 0 | ... V14: =SUM(V3:V13) -> 0 | W14: =SUM(R14:V14) -> 10
